<?xml version="1.0" encoding="UTF-8"?>
<project-private xmlns="http://www.netbeans.org/ns/project-private/1">
    <editor-bookmarks xmlns="http://www.netbeans.org/ns/editor-bookmarks/2" lastBookmarkId="0"/>
    <open-files xmlns="http://www.netbeans.org/ns/projectui-open-files/2">
        <group>
            <file>file:/media/rafael/Dados%20Compartilhados/GitHub/Recursos-UENP-Final/Recursos%20UENP/web/ResourcesCadaster.xhtml</file>
            <file>file:/media/rafael/Dados%20Compartilhados/GitHub/Recursos-UENP-Final/Recursos%20UENP/web/index.xhtml</file>
            <file>file:/media/rafael/Dados%20Compartilhados/GitHub/Recursos-UENP-Final/Recursos%20UENP/web/searchResources.xhtml</file>
            <file>file:/media/rafael/Dados%20Compartilhados/GitHub/Recursos-UENP-Final/Recursos%20UENP/web/allocationView.xhtml</file>
        </group>
    </open-files>
</project-private>
